symbol,trigger_type,close,volume
AKCAPIT.NS,B,1736.3,699
AJMERA.NS,B,140.94,1019562
AIAENG.NS,B,4687.0,184500
AHLEAST.NS,B,155.82,1514
AHLADA.NS,B,40.54,43084
AGROPHOS.NS,B,31.58,22525
AGIIL.NS,B,375.65,3481832
AGI.NS,B,731.15,248173
AEROFLEX.NS,B,507.25,3240258
AEGISLOG.NS,B,1007.8,747988
ADVENZYMES.NS,B,373.7,76626
ADVENTHTL.NS,B,137.77,446032
ADVANCE.NS,B,102.91,454750
ADSL.NS,B,123.83,276086
VALIANTORG.NS,B,296.2,56352
UTIAMC.NS,B,985.75,22509
URJA.NS,B,10.63,481075
UNIPARTS.NS,B,674.7,674525
ARIHANTCAP.NS,B,70.02,142315
ARIHANT.NS,B,871.0,5079
ARCHIES.NS,B,14.77,14606
APOLLOPIPE.NS,B,494.25,73221
APOLLOHOSP.NS,B,8489.5,333583
APLAPOLLO.NS,B,1871.6,502095
APCOTEXIND.NS,B,546.65,106791
AMDIND.NS,B,46.2,17579
AMANTA.NS,B,156.39,123675
ALMONDZ.NS,B,13.35,231225
ALKEM.NS,B,5373.5,82881
ALANKIT.NS,B,8.6,169960
BALKRISHNA.NS,B,18.12,3428
BALAJEE.NS,B,29.72,36448
BAJEL.NS,B,204.68,605339
AUTOAXLES.NS,B,1793.3,6369
ATLANTAA.NS,B,41.67,44156
ASTEC.NS,B,797.7,32100
ASIANENE.NS,B,367.25,510795
ARVINDFASN.NS,B,484.05,415461
ARVEE.NS,B,166.98,1066
BHARTIHEXA.NS,B,1537.4,57481
BHAGCHEM.NS,B,279.26,4419217
BFINVEST.NS,B,458.0,26467
BESTAGRO.NS,B,15.9,205874
BERGEPAINT.NS,B,550.7,7790257
BDL.NS,B,1373.4,3488237
BBL.NS,B,2801.6,44876
UMIYA-MRO.NS,B,89.05,16339
UDS.NS,B,181.02,286392
UCAL.NS,B,106.05,31880
TTKPRESTIG.NS,B,541.3,81663
TTKHLTCARE.NS,B,929.4,15990
TRANSRAILL.NS,B,507.7,835678
TNTELE.NS,B,9.23,20255
TIPSMUSIC.NS,B,653.0,202966
TIMKEN.NS,B,3689.4,162512
TIMEX.NS,B,518.7,1318434
CENTRUM.NS,B,24.12,37404
CCCL.NS,B,15.42,41552
CAMPUS.NS,B,240.1,44229
BTTL.NS,B,33.65,208
BSOFT.NS,B,323.55,1574179
BSL.NS,B,127.28,60
NAHARCAP.NS,B,258.05,1834
MPSLTD.NS,B,1680.0,2843
MODISONLTD.NS,B,164.0,32035
MMFL.NS,B,466.0,72694
MINDACORP.NS,B,513.5,54511
NIBL.NS,B,34.8,117640
NIBE.NS,B,1032.0,23707
NIACL.NS,B,166.25,511264
BLUEDART.NS,B,5077.0,3823
CSLFINANCE.NS,B,232.23,2183
CRIZAC.NS,B,210.5,8661
COFORGE.NS,B,1297.8,1080661
COASTCORP.NS,B,65.6,292019
CHEMPLASTS.NS,B,232.14,22315
CHAMBLFERT.NS,B,440.5,1498806
DIFFNKG.NS,B,310.0,15212
MARUTI.NS,B,13224.0,68871
OSWALSEEDS.NS,B,12.7,23596
OPTIEMUS.NS,B,426.05,23852
OMPOWER.NS,B,182.54,77041
OFSS.NS,B,9139.0,134289
NRBBEARING.NS,B,341.25,487448
DEEPINDS.NS,B,472.8,445364
DATAMATICS.NS,B,763.55,28665
TIINDIA.NS,B,3285.6,265126
TEXMOPIPES.NS,B,45.74,39217
TENNIND.NS,B,584.95,7066520
TEJASNET.NS,B,632.35,17342068
TARIL.NS,B,357.55,41817664
TAJGVK.NS,B,338.45,124429
SYMPHONY.NS,B,697.15,67523
SWARAJENG.NS,B,3927.6,14327
SUZLON.NS,B,59.2,139917727
SUVEN.NS,B,268.2,1458412
SURAJEST.NS,B,196.1,124930
SUNDARMFIN.NS,B,4475.5,114567
SUNDARAM.NS,B,1.37,307662
EMMBI.NS,B,86.9,3264
DOMS.NS,B,2304.9,77205
DIXON.NS,B,11243.0,253714
FORCEMOT.NS,B,20830.0,73195
FLAIR.NS,B,331.75,15601
FACT.NS,B,896.05,143807
LATENTVIEW.NS,B,305.65,1743989
LAMBODHARA.NS,B,104.61,3934
PRUDENT.NS,B,2821.4,1807
PRICOLLTD.NS,B,631.1,7034598
PILANIINVS.NS,B,4474.9,861
PGHH.NS,B,9786.0,1218
PDSL.NS,B,284.8,16051
PASHUPATI.NS,B,86.6,17640
ENTERO.NS,B,1201.1,9862
EMUDHRA.NS,B,468.3,17196
STYL.NS,B,293.15,78292
SSWL.NS,B,229.09,891327
SRGHFL.NS,B,290.8,6458
SPMLINFRA.NS,B,198.3,1442976
SPLIL.NS,B,29.86,4305
SONAMLTD.NS,B,54.38,17497
SONAL.NS,B,90.9,6
KPITTECH.NS,B,714.4,543117
KPIL.NS,B,1264.0,206916
KAJARIACER.NS,B,1085.6,66457
JUBLCPL.NS,B,1829.5,1430
RICOAUTO.NS,B,115.85,263386
RHETAN.NS,B,28.09,2506359
RCF.NS,B,126.78,523424
RAMRAT.NS,B,438.0,60138
LTTS.NS,B,3518.6,13042
SONACOMS.NS,B,613.8,1977764
SMSPHARMA.NS,B,378.6,103827
GESHIP.NS,B,1602.0,4433726
SKFINDUS.NS,B,2626.8,48739
SIS.NS,B,429.75,221039
SHRINGARMS.NS,B,214.08,945298
RTNPOWER.NS,B,9.37,10418010
RPEL.NS,B,1197.95,99793
ROUTE.NS,B,545.5,175811
RMDRIP.NS,B,19.02,362304
RKSWAMY.NS,B,90.9,1365
JSWHL.NS,B,12634.0,1454
ITCHOTELS.NS,B,156.82,1060901
ISHANCH.NS,B,64.49,399
SHREEJISPG.NS,B,500.6,647171
SHALPAINTS.NS,B,54.21,286731
SHAHALLOYS.NS,B,69.22,18177
SESHAPAPER.NS,B,225.76,47803
SEPC.NS,B,7.47,36529793
SCODATUBES.NS,B,144.38,769458
HAPPSTMNDS.NS,B,363.45,257365
GULPOLY.NS,B,196.65,91664
GULFOILLUB.NS,B,952.2,10464
GRANULES.NS,B,746.0,173910
INSECTICID.NS,B,709.4,2739
INFY.NS,B,1122.0,3962086
IMPAL.NS,B,1030.2,128
ICIL.NS,B,285.0,25936
SBFC.NS,B,95.4,3794321
SARDAEN.NS,B,523.65,281005
SAMMAANCAP.NS,B,174.6,24969139
SAMBHV.NS,B,109.64,661996
SAILIFE.NS,B,1216.4,468762
RVHL.NS,B,46.53,34918
GODREJCP.NS,B,1038.2,94221
GMRAIRPORT.NS,B,98.07,1654574
GMMPFAUDLR.NS,B,894.0,7416
HIMATSEIDE.NS,B,78.55,393295
HCLTECH.NS,B,1138.9,1475545
HCC.NS,B,21.83,28431853
5PAISA.NS,B,325.2,22320
AADHARHFC.NS,B,515.1,3191119
AARVI.NS,B,141.9,31855
ABCAPITAL.NS,B,375.9,11199442
ABCOTS.NS,B,238.57,56215
VOLTAMP.NS,B,9418.0,12542
VISAKAIND.NS,B,76.13,55916
VIPIND.NS,B,302.1,242186
NEWGEN.NS,B,477.3,2129413
NEPHROPLUS.NS,B,622.95,413582
NAZARA.NS,B,297.4,24190997
NAVINFLUOR.NS,B,6965.5,17914
WENDT.NS,B,6969.0,1883
WELSPUNLIV.NS,B,136.75,605088
WEL.NS,B,102.8,162566
WEIZMANIND.NS,B,84.4,358
WAKEFIT.NS,B,129.08,1182594
VTL.NS,B,614.9,125903
WELINV.NS,A,1760.4,183
WIPRO.NS,A,190.79,5617058
ADANIPOWER.NS,A,231.76,46115820
NATCOPHARM.NS,A,1217.7,242056
NAUKRI.NS,A,944.1,278262
NAVA.NS,A,717.4,262191
VBL.NS,A,508.45,1236016
VIPCLOTHNG.NS,A,27.14,257456
VSSL.NS,A,281.9,25416
ACUTAAS.NS,A,3246.2,340557
ABSLAMC.NS,A,1180.6,443139
AARTECH.NS,A,50.25,208445
63MOONS.NS,A,670.45,68504
ZYDUSLIFE.NS,A,1010.65,668852
HDFCAMC.NS,A,2725.0,102602
HDFCBANK.NS,A,777.0,5874715
HDFCLIFE.NS,A,617.45,296883
HEROMOTOCO.NS,A,5107.5,104983
HIRECT.NS,A,965.3,132528
HONASA.NS,A,361.85,425670
HONAUT.NS,A,29110.0,642
ICICIBANK.NS,A,1249.9,2231333
GNFC.NS,A,527.1,487687
GOODLUCK.NS,A,1366.1,62431
SAKAR.NS,A,803.6,53400
ICRA.NS,A,5416.5,1789
INDHOTEL.NS,A,653.35,404833
INDIANB.NS,A,838.25,608385
INDIGO.NS,A,4295.5,95685
INGERRAND.NS,A,4349.2,1430
GREENLAM.NS,A,232.52,57817
GRINDWELL.NS,A,1838.1,18322
GROWW.NS,A,190.22,8744794
HALDYNGL.NS,A,108.2,1822
SETL.NS,A,186.11,1112956
SHK.NS,A,140.07,473873
KRISHIVAL.NS,A,369.5,2872
IPCALAB.NS,A,1622.9,361317
ISGEC.NS,A,1076.7,11768
ITC.NS,A,308.7,1874222
IVALUE.NS,A,245.65,6995
JKCEMENT.NS,A,5534.5,5474
RPTECH.NS,A,750.65,4217460
RUPA.NS,A,160.76,191076
SHREEPUSHK.NS,A,396.0,32285
SIEMENS.NS,A,3759.6,339876
SINCLAIR.NS,A,79.92,47745
SMARTLINK.NS,A,169.37,1479
GANDHAR.NS,A,145.72,87815
GANGESSECU.NS,A,132.39,1315
GARFIBRES.NS,A,631.0,5375
GICL.NS,A,40.39,95348
GLENMARK.NS,A,2356.6,76942
GLOSTERLTD.NS,A,675.0,1265
LICI.NS,A,810.35,518858
LUPIN.NS,A,2297.9,498482
RAINBOW.NS,A,1316.5,34346
RALLIS.NS,A,267.95,49247
JUBLINGREA.NS,A,746.6,43751
KARURVYSYA.NS,A,294.95,595370
KOTAKBANK.NS,A,389.2,4260645
SPECTRUM.NS,A,1805.0,24301
STARHEALTH.NS,A,580.25,2848303
STOVEKRAFT.NS,A,694.25,121332
SUKHJITS.NS,A,172.24,4989
SUNCLAY.NS,A,1339.5,3794
ESCORTS.NS,A,3000.6,27141
EXCELINDUS.NS,A,987.0,640
MEDICO.NS,A,43.75,29433
MHRIL.NS,A,234.23,39352
MIDWESTLTD.NS,A,1329.1,5722
PAGEIND.NS,A,36585.0,2097
PATANJALI.NS,A,455.65,469220
KRITIKA.NS,A,6.25,28309
LALPATHLAB.NS,A,1624.6,68579
LGEINDIA.NS,A,1582.0,68954
FERMENTA.NS,A,298.75,1506
DIVISLAB.NS,A,6925.0,39002
DRREDDY.NS,A,1322.3,673317
EICHERMOT.NS,A,7090.0,69712
ELGIEQUIP.NS,A,531.15,55586
ELGIRUBCO.NS,A,50.65,6713
SUNDRMFAST.NS,A,878.55,102577
SUNTECK.NS,A,326.1,268420
SUPRIYA.NS,A,932.2,129230
DEEPAKFERT.NS,A,1332.4,94459
DIACABS.NS,A,196.55,6814096
NSLNISP.NS,A,45.49,3522318
NYKAA.NS,A,274.4,939913
ONEPOINT.NS,A,61.39,172934
ORIENTCER.NS,A,41.76,6611
MANGLMCEM.NS,A,892.85,28318
MANKIND.NS,A,2518.8,272960
MARKOLINES.NS,A,169.97,260750
MARKSANS.NS,A,208.81,645360
MAXHEALTH.NS,A,1055.95,229478
MCX.NS,A,3406.2,1188335
CHALET.NS,A,770.35,41799
CMSINFO.NS,A,305.0,338540
COLPAL.NS,A,2160.2,29241
CORONA.NS,A,1848.0,16238
CRISIL.NS,A,4180.0,8031
CUMMINSIND.NS,A,5411.0,63415
DAICHI.NS,A,266.0,89
BLUESTARCO.NS,A,1682.5,115363
NGIL.NS,A,41.45,43785
NGLFINE.NS,A,2336.0,3399
NMDC.NS,A,93.72,9905664
MOHITIND.NS,A,23.65,386
MOTILALOFS.NS,A,857.15,170801
MPHASIS.NS,A,2153.2,125924
MUNJALAU.NS,A,90.79,82284
NAM-INDIA.NS,A,1101.0,174514
BRITANNIA.NS,A,5405.0,28509
BSE.NS,A,4068.8,919892
CAMS.NS,A,798.1,284909
CARYSIL.NS,A,929.0,10682
TIL.NS,A,232.67,420945
TRENT.NS,A,3205.8,2456189
UNIDT.NS,A,222.51,9242
BBTC.NS,A,1537.6,35445
BFUTILITIE.NS,A,659.5,179277
BHARTIARTL.NS,A,1921.4,3865853
BLIL.NS,A,76.97,27458
ARVIND.NS,A,516.6,527238
ASTRAMICRO.NS,A,1684.1,2096101
BAJAJCON.NS,A,625.25,456196
ALOKINDS.NS,A,13.29,9360801
UYFINCORP.NS,A,14.09,16471
AEROENTER.NS,A,135.87,6427192
AKUMS.NS,A,604.7,112143
WABAG.NS,C,1408.3,93193
WILLAMAGOR.NS,C,27.78,1026
WOCKPHARMA.NS,C,1548.1,337987
WSI.NS,C,70.92,14732
XCHANGING.NS,C,64.73,15574
ZEELEARN.NS,C,5.96,76515
ZENITHSTL.NS,C,6.1,8239
NIITLTD.NS,C,64.82,150772
NIITMTS.NS,C,236.9,58874
NITTAGELA.NS,C,1287.1,1126
MOBIKWIK.NS,C,192.81,579065
MODIS.NS,C,365.0,7936
MOKSH.NS,C,12.59,6620
MOTHERSON.NS,C,126.25,2119924
MRF.NS,C,126870.0,872
MUTHOOTMF.NS,C,185.02,71418
OIL.NS,C,517.9,1087490
OLAELEC.NS,C,36.05,16846082
OMAXE.NS,C,80.94,16009
ONELIFECAP.NS,C,20.9,43417
ONWARDTEC.NS,C,269.65,51569
ORICONENT.NS,C,64.27,5609
OSWALPUMPS.NS,C,393.95,121666
MAHESHWARI.NS,C,52.14,387
MANAKCOAT.NS,C,99.42,10653
MANCREDIT.NS,C,167.99,14084
MANINFRA.NS,C,119.25,1010224
MCLOUD.NS,C,24.94,265659
METROBRAND.NS,C,1053.4,4019
PARACABLES.NS,C,57.99,1142055
PFS.NS,C,29.98,101121
POWERGRID.NS,C,306.2,2512353
PRAJIND.NS,C,373.85,238267
PRAKASH.NS,C,147.37,90749
PRECWIRE.NS,C,380.7,128728
PREMCO.NS,C,398.85,166
PROZONER.NS,C,49.75,41851
KSOLVES.NS,C,281.85,6298
LAL.NS,C,7.02,12685
LANDMARK.NS,C,370.9,19882
LEMERITE.NS,C,442.0,879
LENSKART.NS,C,474.55,594247
LGBBROSLTD.NS,C,1609.3,5094
LOTUSDEV.NS,C,140.32,104146
MAGADSUGAR.NS,C,478.1,4791
PUNJABCHEM.NS,C,1048.8,1153
PVRINOX.NS,C,1025.4,40403
QUINT.NS,C,40.0,446
RADIANTCMS.NS,C,40.62,7729
RAJRATAN.NS,C,414.55,10710
RECLTD.NS,C,348.9,620348
RELTD.NS,C,128.92,40419
REPRO.NS,C,377.35,4257
RHL.NS,C,184.75,1600
RITES.NS,C,213.6,140043
JYOTICNC.NS,C,721.0,81511
KALPATARU.NS,C,347.25,59302
KAMATHOTEL.NS,C,162.72,5627
KAMDHENU.NS,C,24.94,158160
KFINTECH.NS,C,823.25,347098
KHANDSE.NS,C,17.0,901
KOKUYOCMLN.NS,C,92.15,5282
KOVAI.NS,C,5429.5,1096
ISFT.NS,C,79.39,803
IWP.NS,C,35.74,3
JAINREC.NS,C,568.5,495640
JAYBARMARU.NS,C,87.07,52086
JAYKAY.NS,C,159.9,24924
JBMA.NS,C,650.7,278996
JPOLYINVST.NS,C,1033.0,832
JSWDULUX.NS,C,2925.9,2346
RML.NS,C,890.0,5011
RTNINDIA.NS,C,35.07,1322142
ICICIPRULI.NS,C,542.25,125987
IFGLEXPOR.NS,C,170.66,2493
IITL.NS,C,167.8,30321
INDNIPPON.NS,C,768.55,2244
INDOTHAI.NS,C,275.2,88459
INDRAMEDCO.NS,C,379.95,120521
INTERARCH.NS,C,1809.9,48722
HCL-INSYS.NS,C,11.95,12551
HGS.NS,C,413.6,3575
HISARMETAL.NS,C,154.7,31
HNDFDS.NS,C,521.55,1879
HPAL.NS,C,36.83,28282
GOCLCORP.NS,C,304.15,17001
GRPLTD.NS,C,1799.9,54
GTPL.NS,C,67.75,2924
SILLYMONKS.NS,C,16.91,5392
GALAPREC.NS,C,847.9,15971
GANESHHOU.NS,C,686.9,5562
GAYAHWS.NS,C,2.39,23650
GEEKAYWIRE.NS,C,26.84,16751
GFLLIMITED.NS,C,47.62,10242
GHCL.NS,C,475.0,30176
GLOBALVECT.NS,C,167.89,1790
GLOBUSSPR.NS,C,938.0,15763
GMBREW.NS,C,906.95,11346
STEELCAS.NS,C,293.4,30896
SUMICHEM.NS,C,452.7,113818
EPACKPEB.NS,C,191.29,163790
ESABINDIA.NS,C,6662.0,450
ESSARSHPNG.NS,C,24.35,22469
EXXARO.NS,C,6.69,1790
FEDERALBNK.NS,C,280.45,1408374
FIEMIND.NS,C,2173.9,10291
FOSECOIND.NS,C,4989.8,1114
FSL.NS,C,241.07,718209
DOLLAR.NS,C,268.65,18351
DOLPHIN.NS,C,420.6,2576
DPSCLTD.NS,C,9.96,20337
DREAMFOLKS.NS,C,77.3,17364
DSSL.NS,C,1385.0,21718
ECLERX.NS,C,1523.1,100512
EIFFL.NS,C,244.53,609
ELECTCAST.NS,C,84.79,620850
DALBHARAT.NS,C,1765.2,24615
DAMCAPITAL.NS,C,156.33,84694
DECNGOLD.NS,C,124.25,120477
DELPHIFX.NS,C,11.87,12550
DELTAMAGNT.NS,C,63.46,352
DEVX.NS,C,40.71,15385
DEVYANI.NS,C,118.21,495595
DHAMPURSUG.NS,C,143.75,91477
DHARMAJ.NS,C,269.65,4229
DICIND.NS,C,518.0,359
DIGJAMLMTD.NS,C,48.6,276
CINEVISTA.NS,C,15.47,1471
CMPDI.NS,C,233.97,1204831
CONTROLPR.NS,C,634.05,794
BLKASHYAP.NS,C,53.48,42675
BLS.NS,C,260.55,188368
BRNL.NS,C,20.88,2134
CELEBRITY.NS,C,8.09,6151
TIMETECHNO.NS,C,178.42,2445810
UGARSUGAR.NS,C,39.64,93539
UNIMECH.NS,C,953.2,7808
BHARATRAS.NS,C,1405.2,970
BI.NS,C,67.4,231
BIRLACORPN.NS,C,1025.0,16541
BIRLANU.NS,C,1424.0,2755
BIRLAPREC.NS,C,41.0,5802
ASAHISONG.NS,C,258.92,7929
ASAL.NS,C,509.95,12128
ASALCBR.NS,C,843.85,33113
BANARBEADS.NS,C,101.11,806
ALPA.NS,C,68.11,20235
AMIRCHAND.NS,C,131.03,409579
ARTEMISMED.NS,C,258.65,82231
UNITEDTEA.NS,C,543.65,180
UNIVCABLES.NS,C,1022.05,18727
VADILALIND.NS,C,4247.0,2059
VEEDOL.NS,C,1460.3,1269
VETO.NS,C,111.59,9213
