symbol,trigger_type
21STCENMGM.NS,A
360ONE.NS,B
63MOONS.NS,B
AARTISURF.NS,B
ACUTAAS.NS,A
AEGISLOG.NS,B
AFCONS.NS,B
AFSL.NS,A
AGIIL.NS,B
AIROLAM.NS,B
AKASH.NS,B
AKCAPIT.NS,C
ALBERTDAVD.NS,B
AMIRCHAND.NS,A
ANANTRAJ.NS,B
APLAPOLLO.NS,C
ARCHIES.NS,B
ARIHANT.NS,A
ARIHANTCAP.NS,B
ARIHANTSUP.NS,C
ARKADE.NS,B
ASIANPAINT.NS,B
ASMS.NS,B
ATUL.NS,B
AVG.NS,B
AXISBANK.NS,B
AYE.NS,B
BAGFILMS.NS,B
BAJAJFINSV.NS,B
BAJAJHIND.NS,B
BAJAJST.NS,C
BATAINDIA.NS,B
BAYERCROP.NS,A
BCLIND.NS,B
BELLACASA.NS,B
BEPL.NS,A
BFINVEST.NS,C
BIRLANU.NS,B
BLSE.NS,B
BLUEDART.NS,B
BNAGROCHEM.NS,A
BRITANNIA.NS,B
BSL.NS,C
CEMPRO.NS,B
CENTEXT.NS,B
CENTURYPLY.NS,B
CINEVISTA.NS,C
CMSINFO.NS,B
COLPAL.NS,B
COMFINTE.NS,C
COMSYN.NS,B
CSBBANK.NS,B
CUB.NS,B
DAMODARIND.NS,B
DBREALTY.NS,B
DBSTOCKBRO.NS,A
DCMNVL.NS,A
DEEPINDS.NS,A
DEVYANI.NS,B
DLF.NS,B
DOMS.NS,C
DPABHUSHAN.NS,A
DRAGARWQ.NS,C
DRCSYSTEMS.NS,B
DSFCL.NS,A
DSSL.NS,C
DWARKESH.NS,B
EICHERMOT.NS,A
ELANTAS.NS,C
ENIL.NS,B
EPL.NS,B
ETERNAL.NS,C
EUROTEXIND.NS,C
EXIDEIND.NS,B
EXXARO.NS,B
FEDERALBNK.NS,B
FINOPB.NS,B
FISCHER.NS,B
FLAIR.NS,C
FLUOROCHEM.NS,B
GANGAFORGE.NS,B
GCSL.NS,A
GKWLIMITED.NS,B
GLOSTERLTD.NS,A
GNRL.NS,B
GODREJCP.NS,B
GODREJPROP.NS,B
GPPL.NS,B
GRANDOAK.NS,B
GRASIM.NS,B
GTPL.NS,B
HARDWYN.NS,A
HAVELLS.NS,B
HAWKINCOOK.NS,B
HCLTECH.NS,A
HDFCBANK.NS,B
HESTERBIO.NS,A
HINDUNILVR.NS,B
HISARMETAL.NS,B
HITECHCORP.NS,B
HONDAPOWER.NS,A
HSCL.NS,A
HUDCO.NS,C
HUHTAMAKI.NS,A
ICICIAMC.NS,B
ICICIBANK.NS,B
IDBI.NS,B
IDFCFIRSTB.NS,B
IFBAGRO.NS,B
IKIO.NS,B
IKS.NS,B
INA.NS,B
INCREDIBLE.NS,C
INDIASHLTR.NS,C
INDOBORAX.NS,B
INDUSINDBK.NS,B
INTENTECH.NS,C
INVPRECQ.NS,B
IPCALAB.NS,A
ISGEC.NS,B
J&KBANK.NS,B
JGCHEM.NS,B
JKIL.NS,B
JSWINFRA.NS,A
JSWSTEEL.NS,B
KAPSTON.NS,A
KARURVYSYA.NS,B
KEYFINSERV.NS,B
KHADIM.NS,B
KICL.NS,B
KIRANVYPAR.NS,B
KOLTEPATIL.NS,B
KOPRAN.NS,C
KOTAKBANK.NS,B
KPRMILL.NS,B
KRISHANA.NS,A
KWIL.NS,B
LANDMARK.NS,B
LIBAS.NS,C
LIBERTSHOE.NS,B
LMW.NS,C
LODHA.NS,A
LORDSCHLO.NS,B
LT.NS,B
LTF.NS,C
M&M.NS,A
MAHABANK.NS,B
MAHSCOOTER.NS,C
MAMATA.NS,B
MANAKCOAT.NS,A
MANOMAY.NS,B
MANUGRAPH.NS,B
MARICO.NS,B
MARUTI.NS,A
MBAPL.NS,A
MEGASTAR.NS,B
METROBRAND.NS,B
MHLXMIRU.NS,A
MIRZAINT.NS,B
MOTHERSON.NS,A
MOTILALOFS.NS,B
MOTOGENFIN.NS,C
MPHASIS.NS,B
MSUMI.NS,B
MUNJALSHOW.NS,C
NATHBIOGEN.NS,B
NBCC.NS,B
NDLVENTURE.NS,C
NGLFINE.NS,B
NILKAMAL.NS,B
NITINSPIN.NS,C
NURECA.NS,B
OBCL.NS,B
OBEROIRLTY.NS,B
OMINFRAL.NS,B
ONELIFECAP.NS,B
OPTIEMUS.NS,A
ORICONENT.NS,A
OSWALSEEDS.NS,B
PAR.NS,B
PASHUPATI.NS,B
PNB.NS,B
PNCINFRA.NS,B
POLYPLEX.NS,B
POONAWALLA.NS,B
PRESTIGE.NS,B
PRITIKAUTO.NS,C
PROZONER.NS,B
PTCIL.NS,B
RAINBOW.NS,B
RAJSREESUG.NS,B
RATNAVEER.NS,B
RECLTD.NS,B
REDTAPE.NS,B
RELAXO.NS,B
RELTD.NS,B
RHIM.NS,B
RICOAUTO.NS,B
RITCO.NS,B
ROHLTD.NS,C
RPEL.NS,C
RPSGVENT.NS,B
SAGCEM.NS,B
SALONA.NS,A
SANGAMIND.NS,B
SAPPL.NS,A
SARDAEN.NS,B
SAREGAMA.NS,A
SARLAPOLY.NS,B
SBGLP.NS,B
SCODATUBES.NS,C
SESHAPAPER.NS,B
SHADOWFAX.NS,B
SHAILY.NS,A
SHANTI.NS,B
SHARDAMOTR.NS,A
SHAREINDIA.NS,B
SHRADHA.NS,B
SHREEPUSHK.NS,B
SIGIND.NS,C
SIKKO.NS,B
SMLT.NS,C
SNOWMAN.NS,C
SREEL.NS,B
STAR.NS,B
STARTECK.NS,C
STYLAMIND.NS,B
SUNDROP.NS,A
SVLL.NS,A
SYSTMTXC.NS,B
TBZ.NS,B
TCIFINANCE.NS,B
TCS.NS,B
TECILCHEM.NS,A
TFL.NS,A
THACKER.NS,B
THEINVEST.NS,B
TIIL.NS,B
TIMETECHNO.NS,A
TIPSFILMS.NS,C
UNIVASTU.NS,A
UYFINCORP.NS,B
VAIBHAVGBL.NS,B
VENTIVE.NS,B
VIDYAWIRES.NS,B
VLSFINANCE.NS,B
VOLTAMP.NS,B
WILLAMAGOR.NS,B
WIPL.NS,B
WORTHPERI.NS,B
WPIL.NS,B
XTGLOBAL.NS,C
YASHO.NS,B
ZEEL.NS,A
ZFCVINDIA.NS,B
