symbol,score,tags
360ONE.NS,55,"ABSORPTION,PHASE_D"
AARTIIND.NS,55,"ABSORPTION,PHASE_D"
ABCAPITAL.NS,55,"ABSORPTION,PHASE_D"
GODREJPROP.NS,55,"ABSORPTION,PHASE_D"
GOODYEAR.NS,55,"ABSORPTION,PHASE_D"
GRANULES.NS,55,"ABSORPTION,PHASE_D"
GREENPLY.NS,55,"ABSORPTION,PHASE_D"
EXIDEIND.NS,55,"ABSORPTION,PHASE_D"
FEDERALBNK.NS,55,"ABSORPTION,PHASE_D"
HAVELLS.NS,55,"ABSORPTION,PHASE_D"
HCLTECH.NS,55,"ABSORPTION,PHASE_D"
AGARWALEYE.NS,55,"ABSORPTION,PHASE_D"
AIIL.NS,55,"ABSORPTION,PHASE_D"
ALGOQUANT.NS,55,"ABSORPTION,PHASE_D"
UDS.NS,55,"ABSORPTION,PHASE_D"
UJJIVANSFB.NS,55,"ABSORPTION,PHASE_D"
HILTON.NS,55,"ABSORPTION,PHASE_D"
HINDPETRO.NS,55,"ABSORPTION,PHASE_D"
ERIS.NS,55,"ABSORPTION,PHASE_D"
HSCL.NS,55,"ABSORPTION,PHASE_D"
HUHTAMAKI.NS,55,"ABSORPTION,PHASE_D"
HYUNDAI.NS,55,"ABSORPTION,PHASE_D"
TANLA.NS,55,"ABSORPTION,PHASE_D"
TATVA.NS,55,"ABSORPTION,PHASE_D"
TECHM.NS,55,"ABSORPTION,PHASE_D"
TFCILTD.NS,55,"ABSORPTION,PHASE_D"
ANANTRAJ.NS,55,"ABSORPTION,PHASE_D"
TIMETECHNO.NS,55,"ABSORPTION,PHASE_D"
IIFL.NS,55,"ABSORPTION,PHASE_D"
INDIACEM.NS,55,"ABSORPTION,PHASE_D"
INDIAGLYCO.NS,55,"ABSORPTION,PHASE_D"
DLF.NS,55,"ABSORPTION,PHASE_D"
ECLERX.NS,55,"ABSORPTION,PHASE_D"
INDUSINDBK.NS,55,"ABSORPTION,PHASE_D"
INGERRAND.NS,55,"ABSORPTION,PHASE_D"
JIOFIN.NS,55,"ABSORPTION,PHASE_D"
JKIL.NS,55,"ABSORPTION,PHASE_D"
DIVISLAB.NS,55,"ABSORPTION,PHASE_D"
JSWCEMENT.NS,55,"ABSORPTION,PHASE_D"
STYL.NS,55,"ABSORPTION,PHASE_D"
APTUS.NS,55,"ABSORPTION,PHASE_D"
ARE&M.NS,55,"ABSORPTION,PHASE_D"
SUMEETINDS.NS,55,"ABSORPTION,PHASE_D"
SUNPHARMA.NS,55,"ABSORPTION,PHASE_D"
SUPERHOUSE.NS,55,"ABSORPTION,PHASE_D"
KABRAEXTRU.NS,55,"ABSORPTION,PHASE_D"
KALYANKJIL.NS,55,"ABSORPTION,PHASE_D"
KAMDHENU.NS,55,"ABSORPTION,PHASE_D"
KANORICHEM.NS,55,"ABSORPTION,PHASE_D"
CYIENTDLM.NS,55,"ABSORPTION,PHASE_D"
DALBHARAT.NS,55,"ABSORPTION,PHASE_D"
KMSUGAR.NS,55,"ABSORPTION,PHASE_D"
KOLTEPATIL.NS,55,"ABSORPTION,PHASE_D"
CRAMC.NS,55,"ABSORPTION,PHASE_D"
LAOPALA.NS,55,"ABSORPTION,PHASE_D"
LENSKART.NS,55,"ABSORPTION,PHASE_D"
LLOYDSENT.NS,55,"ABSORPTION,PHASE_D"
SMARTLINK.NS,55,"ABSORPTION,PHASE_D"
SMCGLOBAL.NS,55,"ABSORPTION,PHASE_D"
SONACOMS.NS,55,"ABSORPTION,PHASE_D"
LLOYDSME.NS,55,"ABSORPTION,PHASE_D"
LORDSCHLO.NS,55,"ABSORPTION,PHASE_D"
LXCHEM.NS,55,"ABSORPTION,PHASE_D"
CIEINDIA.NS,55,"ABSORPTION,PHASE_D"
MANAKCOAT.NS,55,"ABSORPTION,PHASE_D"
MANBA.NS,55,"ABSORPTION,PHASE_D"
MANGLMCEM.NS,55,"ABSORPTION,PHASE_D"
MASTEK.NS,55,"ABSORPTION,PHASE_D"
MENONBE.NS,55,"ABSORPTION,PHASE_D"
MONARCH.NS,55,"ABSORPTION,PHASE_D"
CEMPRO.NS,55,"ABSORPTION,PHASE_D"
MPHASIS.NS,55,"ABSORPTION,PHASE_D"
MPSLTD.NS,55,"ABSORPTION,PHASE_D"
RUBYMILLS.NS,55,"ABSORPTION,PHASE_D"
SBICARD.NS,55,"ABSORPTION,PHASE_D"
BAJAJ-AUTO.NS,55,"ABSORPTION,PHASE_D"
MRPL.NS,55,"ABSORPTION,PHASE_D"
NAM-INDIA.NS,55,"ABSORPTION,PHASE_D"
NAVKARURB.NS,55,"ABSORPTION,PHASE_D"
NAZARA.NS,55,"ABSORPTION,PHASE_D"
CAPITALSFB.NS,55,"ABSORPTION,PHASE_D"
NIBL.NS,55,"ABSORPTION,PHASE_D"
NILKAMAL.NS,55,"ABSORPTION,PHASE_D"
NITIRAJ.NS,55,"ABSORPTION,PHASE_D"
BIOCON.NS,55,"ABSORPTION,PHASE_D"
BLACKBUCK.NS,55,"ABSORPTION,PHASE_D"
BLUESTARCO.NS,55,"ABSORPTION,PHASE_D"
RELAXO.NS,55,"ABSORPTION,PHASE_D"
RESPONIND.NS,55,"ABSORPTION,PHASE_D"
RGL.NS,55,"ABSORPTION,PHASE_D"
RITCO.NS,55,"ABSORPTION,PHASE_D"
BAJFINANCE.NS,55,"ABSORPTION,PHASE_D"
BALRAMCHIN.NS,55,"ABSORPTION,PHASE_D"
ROSSELLIND.NS,55,"ABSORPTION,PHASE_D"
PICCADIL.NS,55,"ABSORPTION,PHASE_D"
PNCINFRA.NS,55,"ABSORPTION,PHASE_D"
PRESTIGE.NS,55,"ABSORPTION,PHASE_D"
BEPL.NS,55,"ABSORPTION,PHASE_D"
BHARATFORG.NS,55,"ABSORPTION,PHASE_D"
VAIBHAVGBL.NS,55,"ABSORPTION,PHASE_D"
WELENT.NS,55,"ABSORPTION,PHASE_D"
ULTRACEMCO.NS,55,"ABSORPTION,PHASE_D"
UNIVASTU.NS,55,"ABSORPTION,PHASE_D"
UYFINCORP.NS,55,"ABSORPTION,PHASE_D"
ACC.NS,55,"ABSORPTION,PHASE_D"
ACCELYA.NS,55,"ABSORPTION,PHASE_D"
ACMESOLAR.NS,55,"ABSORPTION,PHASE_D"
ADANIENSOL.NS,55,"ABSORPTION,PHASE_D"
ADOR.NS,55,"ABSORPTION,PHASE_D"
AETHER.NS,40,"ABSORPTION,PHASE_D"
ADVANCE.NS,40,"ABSORPTION,PHASE_D"
ADANIPORTS.NS,40,"ABSORPTION,PHASE_D"
ADANIENT.NS,40,"ABSORPTION,PHASE_D"
ACUTAAS.NS,40,"ABSORPTION,PHASE_D"
VADILALIND.NS,40,"ABSORPTION,PHASE_D"
UNOMINDA.NS,40,"ABSORPTION,PHASE_D"
UNIMECH.NS,40,"ABSORPTION,PHASE_D"
GANECOS.NS,40,"ABSORPTION,PHASE_D"
GANDHAR.NS,40,"ABSORPTION,PHASE_D"
GABRIEL.NS,40,"ABSORPTION,PHASE_D"
FMGOETZE.NS,40,"ABSORPTION,PHASE_D"
FLUOROCHEM.NS,40,"ABSORPTION,PHASE_D"
FIVESTAR.NS,40,"ABSORPTION,PHASE_D"
GLAXO.NS,40,"ABSORPTION,PHASE_D"
GLAND.NS,40,"ABSORPTION,PHASE_D"
GHCLTEXTIL.NS,40,"ABSORPTION,PHASE_D"
GEOJITFSL.NS,40,"ABSORPTION,PHASE_D"
GCSL.NS,40,"ABSORPTION,PHASE_D"
VSSL.NS,40,"ABSORPTION,PHASE_D"
VOLTAS.NS,40,"ABSORPTION,PHASE_D"
ABREL.NS,40,"ABSORPTION,PHASE_D"
PSB.NS,40,"ABSORPTION,PHASE_D"
PRIVISCL.NS,40,"ABSORPTION,PHASE_D"
PRICOLLTD.NS,40,"ABSORPTION,PHASE_D"
PREMIERENE.NS,40,"ABSORPTION,PHASE_D"
PPLPHARMA.NS,40,"ABSORPTION,PHASE_D"
POONAWALLA.NS,40,"ABSORPTION,PHASE_D"
POLYPLEX.NS,40,"ABSORPTION,PHASE_D"
PNBHOUSING.NS,40,"ABSORPTION,PHASE_D"
PHOENIXLTD.NS,40,"ABSORPTION,PHASE_D"
PGIL.NS,40,"ABSORPTION,PHASE_D"
PGHL.NS,40,"ABSORPTION,PHASE_D"
RPEL.NS,40,"ABSORPTION,PHASE_D"
ROLEXRINGS.NS,40,"ABSORPTION,PHASE_D"
BANDHANBNK.NS,40,"ABSORPTION,PHASE_D"
BANARBEADS.NS,40,"ABSORPTION,PHASE_D"
BAJAJHCARE.NS,40,"ABSORPTION,PHASE_D"
BAJAJFINSV.NS,40,"ABSORPTION,PHASE_D"
RATEGAIN.NS,40,"ABSORPTION,PHASE_D"
RAINBOW.NS,40,"ABSORPTION,PHASE_D"
RADICO.NS,40,"ABSORPTION,PHASE_D"
PGEL.NS,40,"ABSORPTION,PHASE_D"
PCBL.NS,40,"ABSORPTION,PHASE_D"
PAYTM.NS,40,"ABSORPTION,PHASE_D"
BLSE.NS,40,"ABSORPTION,PHASE_D"
BHARTIHEXA.NS,40,"ABSORPTION,PHASE_D"
BHARTIARTL.NS,40,"ABSORPTION,PHASE_D"
ORIENTLTD.NS,40,"ABSORPTION,PHASE_D"
OPTIEMUS.NS,40,"ABSORPTION,PHASE_D"
OFSS.NS,40,"ABSORPTION,PHASE_D"
OBEROIRLTY.NS,40,"ABSORPTION,PHASE_D"
OAL.NS,40,"ABSORPTION,PHASE_D"
NYKAA.NS,40,"ABSORPTION,PHASE_D"
CAPLIPOINT.NS,40,"ABSORPTION,PHASE_D"
BUTTERFLY.NS,40,"ABSORPTION,PHASE_D"
BRITANNIA.NS,40,"ABSORPTION,PHASE_D"
BRIGADE.NS,40,"ABSORPTION,PHASE_D"
BPCL.NS,40,"ABSORPTION,PHASE_D"
NH.NS,40,"ABSORPTION,PHASE_D"
NAUKRI.NS,40,"ABSORPTION,PHASE_D"
MUTHOOTMF.NS,40,"ABSORPTION,PHASE_D"
MSUMI.NS,40,"ABSORPTION,PHASE_D"
SHOPERSTOP.NS,40,"ABSORPTION,PHASE_D"
AUTOAXLES.NS,40,"ABSORPTION,PHASE_D"
SHILPAMED.NS,40,"ABSORPTION,PHASE_D"
SHANTI.NS,40,"ABSORPTION,PHASE_D"
SBIN.NS,40,"ABSORPTION,PHASE_D"
SBILIFE.NS,40,"ABSORPTION,PHASE_D"
SAREGAMA.NS,40,"ABSORPTION,PHASE_D"
SANSERA.NS,40,"ABSORPTION,PHASE_D"
SANOFI.NS,40,"ABSORPTION,PHASE_D"
SANGAMIND.NS,40,"ABSORPTION,PHASE_D"
SAILIFE.NS,40,"ABSORPTION,PHASE_D"
SAFARI.NS,40,"ABSORPTION,PHASE_D"
RPGLIFE.NS,40,"ABSORPTION,PHASE_D"
MOTILALOFS.NS,40,"ABSORPTION,PHASE_D"
CGCL.NS,40,"ABSORPTION,PHASE_D"
CENTURYPLY.NS,40,"ABSORPTION,PHASE_D"
CDSL.NS,40,"ABSORPTION,PHASE_D"
CCL.NS,40,"ABSORPTION,PHASE_D"
MMFL.NS,40,"ABSORPTION,PHASE_D"
MBAPL.NS,40,"ABSORPTION,PHASE_D"
MARICO.NS,40,"ABSORPTION,PHASE_D"
MAPMYINDIA.NS,40,"ABSORPTION,PHASE_D"
MAHSCOOTER.NS,40,"ABSORPTION,PHASE_D"
MAHLIFE.NS,40,"ABSORPTION,PHASE_D"
COFORGE.NS,40,"ABSORPTION,PHASE_D"
CHOLAFIN.NS,40,"ABSORPTION,PHASE_D"
CHOICEIN.NS,40,"ABSORPTION,PHASE_D"
CHALET.NS,40,"ABSORPTION,PHASE_D"
MAHESHWARI.NS,40,"ABSORPTION,PHASE_D"
M&M.NS,40,"ABSORPTION,PHASE_D"
LUPIN.NS,40,"ABSORPTION,PHASE_D"
LODHA.NS,40,"ABSORPTION,PHASE_D"
ATHERENERG.NS,40,"ABSORPTION,PHASE_D"
ASTERDM.NS,40,"ABSORPTION,PHASE_D"
ASKAUTOLTD.NS,40,"ABSORPTION,PHASE_D"
ARROWGREEN.NS,40,"ABSORPTION,PHASE_D"
SOLARINDS.NS,40,"ABSORPTION,PHASE_D"
SMLMAH.NS,40,"ABSORPTION,PHASE_D"
SKYGOLD.NS,40,"ABSORPTION,PHASE_D"
SIGNPOST.NS,40,"ABSORPTION,PHASE_D"
SHYAMMETL.NS,40,"ABSORPTION,PHASE_D"
SHRIRAMFIN.NS,40,"ABSORPTION,PHASE_D"
SHRINGARMS.NS,40,"ABSORPTION,PHASE_D"
SHREEJISPG.NS,40,"ABSORPTION,PHASE_D"
SHREECEM.NS,40,"ABSORPTION,PHASE_D"
LAURUSLABS.NS,40,"ABSORPTION,PHASE_D"
CUB.NS,40,"ABSORPTION,PHASE_D"
CSBBANK.NS,40,"ABSORPTION,PHASE_D"
CRISIL.NS,40,"ABSORPTION,PHASE_D"
COSMOFIRST.NS,40,"ABSORPTION,PHASE_D"
CORONA.NS,40,"ABSORPTION,PHASE_D"
COROMANDEL.NS,40,"ABSORPTION,PHASE_D"
CONCORDBIO.NS,40,"ABSORPTION,PHASE_D"
KTKBANK.NS,40,"ABSORPTION,PHASE_D"
KICL.NS,40,"ABSORPTION,PHASE_D"
KFINTECH.NS,40,"ABSORPTION,PHASE_D"
DDEVPLSTIK.NS,40,"ABSORPTION,PHASE_D"
DCBBANK.NS,40,"ABSORPTION,PHASE_D"
CUPID.NS,40,"ABSORPTION,PHASE_D"
KARURVYSYA.NS,40,"ABSORPTION,PHASE_D"
KAPSTON.NS,40,"ABSORPTION,PHASE_D"
KAJARIACER.NS,40,"ABSORPTION,PHASE_D"
JUBLPHARMA.NS,40,"ABSORPTION,PHASE_D"
JUBLINGREA.NS,40,"ABSORPTION,PHASE_D"
JSWINFRA.NS,40,"ABSORPTION,PHASE_D"
SUNDRMFAST.NS,40,"ABSORPTION,PHASE_D"
SUMICHEM.NS,40,"ABSORPTION,PHASE_D"
SUDEEPPHRM.NS,40,"ABSORPTION,PHASE_D"
ARKADE.NS,40,"ABSORPTION,PHASE_D"
APOLLOHOSP.NS,40,"ABSORPTION,PHASE_D"
APLLTD.NS,40,"ABSORPTION,PHASE_D"
STYLAMIND.NS,40,"ABSORPTION,PHASE_D"
STALLION.NS,40,"ABSORPTION,PHASE_D"
SRGHFL.NS,40,"ABSORPTION,PHASE_D"
SRF.NS,40,"ABSORPTION,PHASE_D"
JSL.NS,40,"ABSORPTION,PHASE_D"
JLHL.NS,40,"ABSORPTION,PHASE_D"
DIXON.NS,40,"ABSORPTION,PHASE_D"
DIAMONDYD.NS,40,"ABSORPTION,PHASE_D"
JINDALSAW.NS,40,"ABSORPTION,PHASE_D"
JGCHEM.NS,40,"ABSORPTION,PHASE_D"
JBCHEPHARM.NS,40,"ABSORPTION,PHASE_D"
IRISDOREME.NS,40,"ABSORPTION,PHASE_D"
IPCALAB.NS,40,"ABSORPTION,PHASE_D"
IOC.NS,40,"ABSORPTION,PHASE_D"
INDOTECH.NS,40,"ABSORPTION,PHASE_D"
INDOSTAR.NS,40,"ABSORPTION,PHASE_D"
INDORAMA.NS,40,"ABSORPTION,PHASE_D"
INDNIPPON.NS,40,"ABSORPTION,PHASE_D"
EIHOTEL.NS,40,"ABSORPTION,PHASE_D"
EICHERMOT.NS,40,"ABSORPTION,PHASE_D"
DPABHUSHAN.NS,40,"ABSORPTION,PHASE_D"
INDIGOPNTS.NS,40,"ABSORPTION,PHASE_D"
INDIASHLTR.NS,40,"ABSORPTION,PHASE_D"
IKS.NS,40,"ABSORPTION,PHASE_D"
IDFCFIRSTB.NS,40,"ABSORPTION,PHASE_D"
TINNARUBR.NS,40,"ABSORPTION,PHASE_D"
ANANDRATHI.NS,40,"ABSORPTION,PHASE_D"
ALLDIGI.NS,40,"ABSORPTION,PHASE_D"
TEXINFRA.NS,40,"ABSORPTION,PHASE_D"
TEAMLEASE.NS,40,"ABSORPTION,PHASE_D"
TATATECH.NS,40,"ABSORPTION,PHASE_D"
TAJGVK.NS,40,"ABSORPTION,PHASE_D"
SWIGGY.NS,40,"ABSORPTION,PHASE_D"
SUTLEJTEX.NS,40,"ABSORPTION,PHASE_D"
SUPRAJIT.NS,40,"ABSORPTION,PHASE_D"
ICICIBANK.NS,40,"ABSORPTION,PHASE_D"
HONAUT.NS,40,"ABSORPTION,PHASE_D"
HONASA.NS,40,"ABSORPTION,PHASE_D"
HOMEFIRST.NS,40,"ABSORPTION,PHASE_D"
EPL.NS,40,"ABSORPTION,PHASE_D"
ENDURANCE.NS,40,"ABSORPTION,PHASE_D"
HMVL.NS,40,"ABSORPTION,PHASE_D"
HITECHCORP.NS,40,"ABSORPTION,PHASE_D"
HEXT.NS,40,"ABSORPTION,PHASE_D"
HDFCBANK.NS,40,"ABSORPTION,PHASE_D"
TVSMOTOR.NS,40,"ABSORPTION,PHASE_D"
TTKPRESTIG.NS,40,"ABSORPTION,PHASE_D"
TSFINV.NS,40,"ABSORPTION,PHASE_D"
TRIVENI.NS,40,"ABSORPTION,PHASE_D"
ALKEM.NS,40,"ABSORPTION,PHASE_D"
AJAXENGG.NS,40,"ABSORPTION,PHASE_D"
AJANTPHARM.NS,40,"ABSORPTION,PHASE_D"
AHLUCONT.NS,40,"ABSORPTION,PHASE_D"
AFSL.NS,40,"ABSORPTION,PHASE_D"
TMB.NS,40,"ABSORPTION,PHASE_D"
TITAN.NS,40,"ABSORPTION,PHASE_D"
HCG.NS,40,"ABSORPTION,PHASE_D"
HARRMALAYA.NS,40,"ABSORPTION,PHASE_D"
HAPPYFORGE.NS,40,"ABSORPTION,PHASE_D"
ETHOSLTD.NS,40,"ABSORPTION,PHASE_D"
ETERNAL.NS,40,"ABSORPTION,PHASE_D"
GRWRHITECH.NS,40,"ABSORPTION,PHASE_D"
GRAVITA.NS,40,"ABSORPTION,PHASE_D"
GODREJCP.NS,40,"ABSORPTION,PHASE_D"
ABBOTINDIA.NS,40,"ABSORPTION,PHASE_D"
ZYDUSLIFE.NS,40,"ABSORPTION,PHASE_D"
AARTIDRUGS.NS,40,"ABSORPTION,PHASE_D"
ZYDUSWELL.NS,40,"ABSORPTION,PHASE_D"
SAGILITY.NS,35,ABSORPTION
63MOONS.NS,35,ABSORPTION
SAGCEM.NS,35,ABSORPTION
GLOBUSSPR.NS,35,ABSORPTION
WIPRO.NS,35,ABSORPTION
RELIABLE.NS,35,ABSORPTION
RECLTD.NS,35,PHASE_D
GAIL.NS,35,PHASE_D
WELINV.NS,35,ABSORPTION
SAKHTISUG.NS,35,ABSORPTION
SBC.NS,35,ABSORPTION
SAURASHCEM.NS,35,ABSORPTION
SATIA.NS,35,ABSORPTION
RISHABH.NS,35,ABSORPTION
RHETAN.NS,35,ABSORPTION
RELIANCE.NS,35,ABSORPTION
RALLIS.NS,35,ABSORPTION
RAJSREESUG.NS,35,ABSORPTION
RAJRATAN.NS,35,ABSORPTION
RAIN.NS,35,ABSORPTION
RACLGEAR.NS,35,ABSORPTION
SERVOTECH.NS,35,ABSORPTION
GROWW.NS,35,ABSORPTION
GREENPANEL.NS,35,ABSORPTION
GNA.NS,35,ABSORPTION
GMMPFAUDLR.NS,35,ABSORPTION
PTCIL.NS,35,ABSORPTION
BETA.NS,35,ABSORPTION
BECTORFOOD.NS,35,ABSORPTION
SHADOWFAX.NS,35,ABSORPTION
SGMART.NS,35,ABSORPTION
PIRAMALFIN.NS,35,PHASE_D
PIDILITIND.NS,35,PHASE_D
PFIZER.NS,35,ABSORPTION
AVANTIFEED.NS,35,ABSORPTION
AUSOMENT.NS,35,ABSORPTION
PCJEWELLER.NS,35,ABSORPTION
AKUMS.NS,35,ABSORPTION
AKASH.NS,35,ABSORPTION
TVSHLTD.NS,35,ABSORPTION
BODALCHEM.NS,35,ABSORPTION
BLUESTONE.NS,35,ABSORPTION
BHEL.NS,35,ABSORPTION
PAR.NS,35,ABSORPTION
PAISALO.NS,35,ABSORPTION
ORICONENT.NS,35,ABSORPTION
OCCLLTD.NS,35,ABSORPTION
NURECA.NS,35,ABSORPTION
SHREEPUSHK.NS,35,ABSORPTION
SHRADHA.NS,35,ABSORPTION
SJS.NS,35,PHASE_D
SINTERCOM.NS,35,ABSORPTION
SILVERTUC.NS,35,ABSORPTION
SIKKO.NS,35,ABSORPTION
FINOPB.NS,35,ABSORPTION
FILATEX.NS,35,ABSORPTION
FIEMIND.NS,35,ABSORPTION
CANTABIL.NS,35,ABSORPTION
CAMPUS.NS,35,ABSORPTION
CASTROLIND.NS,35,PHASE_D
NEWGEN.NS,35,ABSORPTION
NEOGEN.NS,35,ABSORPTION
NARMADA.NS,35,ABSORPTION
MODINATUR.NS,35,ABSORPTION
MIRZAINT.NS,35,ABSORPTION
MVGJL.NS,35,ABSORPTION
MUTHOOTCAP.NS,35,ABSORPTION
MUKANDLTD.NS,35,ABSORPTION
CENTEXT.NS,35,ABSORPTION
TORNTPHARM.NS,35,ABSORPTION
AHLEAST.NS,35,ABSORPTION
METROBRAND.NS,35,ABSORPTION
MANORG.NS,35,ABSORPTION
MANOMAY.NS,35,ABSORPTION
COLPAL.NS,35,ABSORPTION
CHENNPETRO.NS,35,ABSORPTION
SREEL.NS,35,ABSORPTION
ATALREAL.NS,35,ABSORPTION
ASMS.NS,35,ABSORPTION
LAGNAM.NS,35,ABSORPTION
MAGADSUGAR.NS,35,ABSORPTION
LYPSAGEMS.NS,35,ABSORPTION
LMW.NS,35,ABSORPTION
LICI.NS,35,PHASE_D
MANAKALUCO.NS,35,ABSORPTION
ARCHIES.NS,35,ABSORPTION
APOLLOPIPE.NS,35,ABSORPTION
ANTHEM.NS,35,ABSORPTION
AMBER.NS,35,ABSORPTION
AMANTA.NS,35,ABSORPTION
IKIO.NS,35,ABSORPTION
EMMVEE.NS,35,ABSORPTION
LIBERTSHOE.NS,35,ABSORPTION
LATENTVIEW.NS,35,ABSORPTION
LANDMARK.NS,35,ABSORPTION
COUNCODOS.NS,35,ABSORPTION
KSHINTL.NS,35,ABSORPTION
KROSS.NS,35,ABSORPTION
KRN.NS,35,ABSORPTION
KPIGREEN.NS,35,ABSORPTION
SUDARSCHEM.NS,35,ABSORPTION
ARIHANTSUP.NS,35,ABSORPTION
ARIHANTCAP.NS,35,ABSORPTION
SUNCLAY.NS,35,ABSORPTION
INDOBORAX.NS,35,ABSORPTION
TIIL.NS,35,ABSORPTION
DCMSRIND.NS,35,ABSORPTION
DBREALTY.NS,35,ABSORPTION
DHAMPURSUG.NS,35,ABSORPTION
DEEPINDS.NS,35,ABSORPTION
DAMCAPITAL.NS,35,ABSORPTION
KESORAMIND.NS,35,ABSORPTION
KANPRPLA.NS,35,ABSORPTION
TCS.NS,35,ABSORPTION
TCI.NS,35,PHASE_D
JSWSTEEL.NS,35,ABSORPTION
JINDWORLD.NS,35,ABSORPTION
JETFREIGHT.NS,35,ABSORPTION
JAYNECOIND.NS,35,ABSORPTION
IRCTC.NS,35,ABSORPTION
IEX.NS,35,ABSORPTION
J&KBANK.NS,35,ABSORPTION
DWARKESH.NS,35,ABSORPTION
DVL.NS,35,ABSORPTION
RSWM.NS,35,ABSORPTION
ACI.NS,35,ABSORPTION
UTTAMSUGAR.NS,35,ABSORPTION
WEBELSOLAR.NS,35,ABSORPTION
WAKEFIT.NS,35,ABSORPTION
VRAJ.NS,35,ABSORPTION
AARVI.NS,35,ABSORPTION
AARTISURF.NS,35,ABSORPTION
VLSFINANCE.NS,35,ABSORPTION
21STCENMGM.NS,20,ABSORPTION
VARROC.NS,20,ABSORPTION
AEGISVOPAK.NS,20,ABSORPTION
SAHYADRI.NS,20,ABSORPTION
ROUTE.NS,20,ABSORPTION
ROSSTECH.NS,20,ABSORPTION
GANDHITUBE.NS,20,ABSORPTION
GALAPREC.NS,20,ABSORPTION
UTLSOLAR.NS,20,ABSORPTION
UTKARSHBNK.NS,20,ABSORPTION
USHAMART.NS,20,ABSORPTION
UPL.NS,20,ABSORPTION
UNITDSPR.NS,20,PHASE_D
UNIPARTS.NS,20,ABSORPTION
UNIDT.NS,20,ABSORPTION
AARTIPHARM.NS,20,ABSORPTION
VISAKAIND.NS,20,ABSORPTION
VINCOFE.NS,20,ABSORPTION
VIKRAMSOLR.NS,20,ABSORPTION
VIDHIING.NS,20,ABSORPTION
IVC.NS,20,ABSORPTION
IVALUE.NS,20,ABSORPTION
ITDC.NS,20,ABSORPTION
ALMONDZ.NS,20,ABSORPTION
ALLTIME.NS,20,ABSORPTION
THEJO.NS,20,ABSORPTION
THANGAMAYL.NS,20,ABSORPTION
TEXRAIL.NS,20,ABSORPTION
TECILCHEM.NS,20,ABSORPTION
EIDPARRY.NS,20,ABSORPTION
ECOSMOBLTY.NS,20,ABSORPTION
DYCL.NS,20,ABSORPTION
DSFCL.NS,20,ABSORPTION
RUBFILA.NS,20,ABSORPTION
RSYSTEMS.NS,20,ABSORPTION
ZENSARTECH.NS,20,ABSORPTION
JINDALPOLY.NS,20,ABSORPTION
JAYAGROGN.NS,20,ABSORPTION
DMCC.NS,20,ABSORPTION
IONEXCHANG.NS,20,ABSORPTION
INTELLECT.NS,20,ABSORPTION
INOXINDIA.NS,20,ABSORPTION
INNOVANA.NS,20,ABSORPTION
INFY.NS,20,ABSORPTION
INFOBEAN.NS,20,ABSORPTION
DEEPAKFERT.NS,20,ABSORPTION
DEEDEV.NS,20,ABSORPTION
IGCL.NS,20,ABSORPTION
IFGLEXPOR.NS,20,ABSORPTION
IFBIND.NS,20,ABSORPTION
IFBAGRO.NS,20,ABSORPTION
IDBI.NS,20,ABSORPTION
SUVEN.NS,20,ABSORPTION
SURYODAY.NS,20,ABSORPTION
TCPLPACK.NS,20,ABSORPTION
TCIEXP.NS,20,ABSORPTION
TBZ.NS,20,ABSORPTION
TASTYBITE.NS,20,ABSORPTION
TARSONS.NS,20,ABSORPTION
TALBROAUTO.NS,20,ABSORPTION
JSFB.NS,20,ABSORPTION
JKPAPER.NS,20,ABSORPTION
DIGITIDE.NS,20,ABSORPTION
DIAMINESQ.NS,20,ABSORPTION
DIACABS.NS,20,ABSORPTION
DHUNINV.NS,20,ABSORPTION
DHANBANK.NS,20,ABSORPTION
JINDRILL.NS,20,ABSORPTION
KKCL.NS,20,PHASE_D
KIRLFER.NS,20,ABSORPTION
KIRIINDUS.NS,20,ABSORPTION
KEYFINSERV.NS,20,ABSORPTION
DCMNVL.NS,20,ABSORPTION
DCAL.NS,20,ABSORPTION
DBSTOCKBRO.NS,20,ABSORPTION
DEEPAKNTR.NS,20,ABSORPTION
DALMIASUG.NS,20,ABSORPTION
KAYNES.NS,20,ABSORPTION
JYOTICNC.NS,20,ABSORPTION
JYOTHYLAB.NS,20,ABSORPTION
JUSTDIAL.NS,20,ABSORPTION
TAINWALCHM.NS,20,ABSORPTION
SYMPHONY.NS,20,ABSORPTION
SVLL.NS,20,ABSORPTION
KOPRAN.NS,20,ABSORPTION
ICEMAKE.NS,20,ABSORPTION
IBULLSLTD.NS,20,ABSORPTION
INDUSTOWER.NS,20,ABSORPTION
INDSWFTLAB.NS,20,ABSORPTION
INDOFARM.NS,20,ABSORPTION
INDOCO.NS,20,ABSORPTION
EIMCOELECO.NS,20,ABSORPTION
EIHAHOTELS.NS,20,PHASE_D
EIFFL.NS,20,ABSORPTION
TIL.NS,20,ABSORPTION
THELEELA.NS,20,PHASE_D
AMNPLST.NS,20,ABSORPTION
AMBUJACEM.NS,20,ABSORPTION
AMBIKCO.NS,20,PHASE_D
KMEW.NS,20,ABSORPTION
CONTROLPR.NS,20,ABSORPTION
CONCOR.NS,20,ABSORPTION
LAMBODHARA.NS,20,ABSORPTION
DBCORP.NS,20,ABSORPTION
DATAMATICS.NS,20,ABSORPTION
KUANTUM.NS,20,ABSORPTION
KSOLVES.NS,20,ABSORPTION
KSL.NS,20,ABSORPTION
KRISHIVAL.NS,20,PHASE_D
KRISHANA.NS,20,ABSORPTION
KOTHARIPET.NS,20,ABSORPTION
SUDARCOLOR.NS,20,ABSORPTION
SUPREMEINF.NS,20,ABSORPTION
SUPREMEIND.NS,20,ABSORPTION
SUNFLAG.NS,20,ABSORPTION
SUNDROP.NS,20,ABSORPTION
APCOTEXIND.NS,20,ABSORPTION
AMBICAAGAR.NS,20,ABSORPTION
AMAGI.NS,20,ABSORPTION
INDIGO.NS,20,PHASE_D
INDIANHUME.NS,20,ABSORPTION
INDIANB.NS,20,ABSORPTION
INDHOTEL.NS,20,PHASE_D
IMFA.NS,20,ABSORPTION
EQUITASBNK.NS,20,ABSORPTION
EPACK.NS,20,ABSORPTION
ENIL.NS,20,ABSORPTION
ENERGYDEV.NS,20,ABSORPTION
EMUDHRA.NS,20,ABSORPTION
ANTELOPUS.NS,20,ABSORPTION
LGEINDIA.NS,20,ABSORPTION
CROWN.NS,20,ABSORPTION
STANLEY.NS,20,ABSORPTION
SSWL.NS,20,ABSORPTION
SPORTKING.NS,20,ABSORPTION
ASIANPAINT.NS,20,ABSORPTION
LALPATHLAB.NS,20,ABSORPTION
MACPOWER.NS,20,ABSORPTION
M&MFIN.NS,20,ABSORPTION
LUXIND.NS,20,ABSORPTION
LTTS.NS,20,ABSORPTION
LTM.NS,20,ABSORPTION
LTFOODS.NS,20,ABSORPTION
LLOYDSENGG.NS,20,ABSORPTION
LICHSGFIN.NS,20,ABSORPTION
MALLCOM.NS,20,ABSORPTION
ARIES.NS,20,ABSORPTION
ARENTERP.NS,20,ABSORPTION
MATRIMONY.NS,20,ABSORPTION
MASTERTR.NS,20,ABSORPTION
MARKSANS.NS,20,ABSORPTION
MANORAMA.NS,20,ABSORPTION
ASHAPURMIN.NS,20,ABSORPTION
ASAL.NS,20,ABSORPTION
ASAHISONG.NS,20,ABSORPTION
ARTEMISMED.NS,20,ABSORPTION
ARMANFIN.NS,20,ABSORPTION
MAHLOG.NS,20,ABSORPTION
COMSYN.NS,20,ABSORPTION
COASTCORP.NS,20,ABSORPTION
CNL.NS,20,ABSORPTION
CIPLA.NS,20,PHASE_D
CHEVIOT.NS,20,ABSORPTION
STARPAPER.NS,20,PHASE_D
TOTAL.NS,20,ABSORPTION
HMAAGRO.NS,20,ABSORPTION
SOTL.NS,20,ABSORPTION
SONATSOFTW.NS,20,ABSORPTION
SONAMLTD.NS,20,ABSORPTION
SOMATEX.NS,20,ABSORPTION
CARERATING.NS,20,ABSORPTION
MOSCHIP.NS,20,ABSORPTION
MOREPENLAB.NS,20,ABSORPTION
MOLDTKPAC.NS,20,ABSORPTION
MODTHREAD.NS,20,ABSORPTION
MODIS.NS,20,ABSORPTION
ASIANENE.NS,20,ABSORPTION
MEDANTA.NS,20,PHASE_D
MBEL.NS,20,ABSORPTION
MAXIND.NS,20,ABSORPTION
SPECTRUM.NS,20,ABSORPTION
SPECIALITY.NS,20,ABSORPTION
SPANDANA.NS,20,ABSORPTION
SOUTHWEST.NS,20,ABSORPTION
EMIL.NS,20,ABSORPTION
EMAMIPAP.NS,20,ABSORPTION
ELLEN.NS,20,ABSORPTION
ELIN.NS,20,ABSORPTION
ELGIRUBCO.NS,20,ABSORPTION
HNDFDS.NS,20,ABSORPTION
TNTELE.NS,20,ABSORPTION
TNPL.NS,20,ABSORPTION
TIPSMUSIC.NS,20,ABSORPTION
AFFLE.NS,20,ABSORPTION
TRACXN.NS,20,ABSORPTION
TPLPLASTEH.NS,20,ABSORPTION
SOLARWORLD.NS,20,ABSORPTION
SOBHA.NS,20,ABSORPTION
SNOWMAN.NS,20,ABSORPTION
SKMEGGPROD.NS,20,ABSORPTION
MOBIKWIK.NS,20,ABSORPTION
MMP.NS,20,ABSORPTION
MINDACORP.NS,20,PHASE_D
MHLXMIRU.NS,20,ABSORPTION
MGEL.NS,20,ABSORPTION
MUNJALSHOW.NS,20,ABSORPTION
MUNJALAU.NS,20,ABSORPTION
CENTUM.NS,20,ABSORPTION
CENTRUM.NS,20,ABSORPTION
CENTENKA.NS,20,ABSORPTION
SPMLINFRA.NS,20,ABSORPTION
SPLIL.NS,20,ABSORPTION
SIGNATURE.NS,20,ABSORPTION
NIVABUPA.NS,20,PHASE_D
NITCO.NS,20,ABSORPTION
NIITMTS.NS,20,ABSORPTION
NHPC.NS,20,PHASE_D
CANHLIFE.NS,20,ABSORPTION
BUILDPRO.NS,20,ABSORPTION
BOSCHLTD.NS,20,PHASE_D
CCAVENUE.NS,20,ABSORPTION
CARRARO.NS,20,ABSORPTION
NGLFINE.NS,20,ABSORPTION
NESTLEIND.NS,20,PHASE_D
NDGL.NS,20,ABSORPTION
NBIFIN.NS,20,ABSORPTION
NAVINFLUOR.NS,20,PHASE_D
NATCOPHARM.NS,20,ABSORPTION
SHIVAMILLS.NS,20,ABSORPTION
SIS.NS,20,ABSORPTION
SIL.NS,20,ABSORPTION
HLEGLAS.NS,20,ABSORPTION
HIRECT.NS,20,ABSORPTION
HIKAL.NS,20,ABSORPTION
HGS.NS,20,ABSORPTION
HESTERBIO.NS,20,ABSORPTION
HEROMOTOCO.NS,20,ABSORPTION
HEIDELBERG.NS,20,ABSORPTION
HEG.NS,20,ABSORPTION
HATSUN.NS,20,ABSORPTION
HTMEDIA.NS,20,ABSORPTION
HALEOSLABS.NS,20,ABSORPTION
FISCHER.NS,20,ABSORPTION
FEDFINA.NS,20,ABSORPTION
PANACEABIO.NS,20,ABSORPTION
ORIENTTECH.NS,20,ABSORPTION
ORIENTCER.NS,20,ABSORPTION
ORIENTCEM.NS,20,ABSORPTION
ORCHPHARMA.NS,20,ABSORPTION
ONGC.NS,20,ABSORPTION
ONESOURCE.NS,20,ABSORPTION
ONELIFECAP.NS,20,ABSORPTION
OMAXE.NS,20,ABSORPTION
OIL.NS,20,ABSORPTION
NUVOCO.NS,20,ABSORPTION
NUVAMA.NS,20,ABSORPTION
NRL.NS,20,ABSORPTION
NOVARTIND.NS,20,ABSORPTION
SIEMENS.NS,20,ABSORPTION
SHRIPISTON.NS,20,ABSORPTION
TTKHLTCARE.NS,20,ABSORPTION
BLUEJET.NS,20,ABSORPTION
BLUEDART.NS,20,ABSORPTION
BLKASHYAP.NS,20,ABSORPTION
BIRLACORPN.NS,20,ABSORPTION
PNGJL.NS,20,ABSORPTION
PNB.NS,20,PHASE_D
PLATIND.NS,20,ABSORPTION
BAIDFIN.NS,20,ABSORPTION
AZAD.NS,20,ABSORPTION
AYMSYNTEX.NS,20,ABSORPTION
AWL.NS,20,ABSORPTION
AVG.NS,20,ABSORPTION
PARKHOTELS.NS,20,ABSORPTION
PARADEEP.NS,20,ABSORPTION
PANSARI.NS,20,ABSORPTION
PAUSHAKLTD.NS,20,ABSORPTION
PASHUPATI.NS,20,ABSORPTION
BOROLTD.NS,20,ABSORPTION
BORANA.NS,20,ABSORPTION
FDC.NS,20,PHASE_D
FAIRCHEMOR.NS,20,ABSORPTION
EVERESTIND.NS,20,ABSORPTION
EUROPRATIK.NS,20,ABSORPTION
ESAFSFB.NS,20,ABSORPTION
TRIGYN.NS,20,ABSORPTION
TRF.NS,20,ABSORPTION
AJOONI.NS,20,ABSORPTION
UNICHEMLAB.NS,20,ABSORPTION
UFLEX.NS,20,ABSORPTION
UCAL.NS,20,ABSORPTION
TVSELECT.NS,20,ABSORPTION
PPAP.NS,20,ABSORPTION
PONNIERODE.NS,20,ABSORPTION
POLYMED.NS,20,ABSORPTION
QUESS.NS,20,ABSORPTION
PLASTIBLEN.NS,20,ABSORPTION
PIXTRANS.NS,20,ABSORPTION
PILITA.NS,20,ABSORPTION
PERSISTENT.NS,20,ABSORPTION
PDSL.NS,20,ABSORPTION
AUTOIND.NS,20,ABSORPTION
AURUM.NS,20,ABSORPTION
ATULAUTO.NS,20,ABSORPTION
SHAREINDIA.NS,20,ABSORPTION
SHARDAMOTR.NS,20,ABSORPTION
SHARDACROP.NS,20,ABSORPTION
ONWARDTEC.NS,20,ABSORPTION
BFUTILITIE.NS,20,ABSORPTION
BFINVEST.NS,20,ABSORPTION
BEML.NS,20,ABSORPTION
RBZJEWEL.NS,20,ABSORPTION
RBLBANK.NS,20,PHASE_D
RAYMONDREL.NS,20,ABSORPTION
SHAH.NS,20,ABSORPTION
SGIL.NS,20,ABSORPTION
BCONCEPTS.NS,20,ABSORPTION
BCLIND.NS,20,ABSORPTION
BAYERCROP.NS,20,ABSORPTION
BASML.NS,20,ABSORPTION
BASF.NS,20,ABSORPTION
BANSWRAS.NS,20,ABSORPTION
PSPPROJECT.NS,20,ABSORPTION
PRITIKAUTO.NS,20,ABSORPTION
PVP.NS,20,ABSORPTION
PURVA.NS,20,ABSORPTION
PUNJABCHEM.NS,20,ABSORPTION
HAL.NS,20,ABSORPTION
GTPL.NS,20,ABSORPTION
GRPLTD.NS,20,PHASE_D
GREAVESCOT.NS,20,ABSORPTION
GRASIM.NS,20,PHASE_D
GRAPHITE.NS,20,ABSORPTION
HARIOMPIPE.NS,20,ABSORPTION
HAPPSTMNDS.NS,20,ABSORPTION
GODREJAGRO.NS,20,ABSORPTION
GMRAIRPORT.NS,20,PHASE_D
GANESHHOU.NS,20,ABSORPTION
GANESHBE.NS,20,ABSORPTION
BHARATSE.NS,20,ABSORPTION
RHIM.NS,20,ABSORPTION
REPRO.NS,20,ABSORPTION
RELTD.NS,20,ABSORPTION
RAYMOND.NS,20,ABSORPTION
RATNAVEER.NS,20,ABSORPTION
RANEHOLDIN.NS,20,ABSORPTION
RAMCOSYS.NS,20,ABSORPTION
RAMCOIND.NS,20,ABSORPTION
RAMCOCEM.NS,20,PHASE_D
RADHIKAJWE.NS,20,ABSORPTION
SGFIN.NS,20,ABSORPTION
SFL.NS,20,ABSORPTION
SETL.NS,20,ABSORPTION
PWL.NS,20,ABSORPTION
PVSL.NS,20,ABSORPTION
PVRINOX.NS,20,ABSORPTION
ROSSARI.NS,20,ABSORPTION
BANKINDIA.NS,20,ABSORPTION
BANARISUG.NS,20,ABSORPTION
BALPHARMA.NS,20,ABSORPTION
BALAMINES.NS,20,ABSORPTION
BAJAJELEC.NS,20,ABSORPTION
SAMBHV.NS,20,ABSORPTION
SAKSOFT.NS,20,ABSORPTION
SAKAR.NS,20,ABSORPTION
SENORES.NS,20,ABSORPTION
SENCO.NS,20,ABSORPTION
SCHAND.NS,20,ABSORPTION
SBFC.NS,20,ABSORPTION
SATIN.NS,20,ABSORPTION
RKSWAMY.NS,20,ABSORPTION
RKDL.NS,20,ABSORPTION
GODREJIND.NS,20,ABSORPTION
VETO.NS,20,ABSORPTION
VENKEYS.NS,20,ABSORPTION
SAATVIKGL.NS,20,ABSORPTION
RUSTOMJEE.NS,20,ABSORPTION
RUBICON.NS,20,ABSORPTION
GLOTTIS.NS,20,ABSORPTION
GLENMARK.NS,20,ABSORPTION
GIPCL.NS,20,ABSORPTION
GILLETTE.NS,20,ABSORPTION
GHCL.NS,20,ABSORPTION
GARFIBRES.NS,20,ABSORPTION
GOODLUCK.NS,20,ABSORPTION
AEGISLOG.NS,20,ABSORPTION
RPSGVENT.NS,20,ABSORPTION
RPPL.NS,20,ABSORPTION
ZEEL.NS,20,ABSORPTION
ZAGGLE.NS,20,ABSORPTION
YATHARTH.NS,20,ABSORPTION
YASHO.NS,20,ABSORPTION
XCHANGING.NS,20,ABSORPTION
20MICRONS.NS,20,ABSORPTION
3IINFOLTD.NS,20,ABSORPTION
ADVENTHTL.NS,20,ABSORPTION
FUSION.NS,20,ABSORPTION
FSL.NS,20,ABSORPTION
WELCORP.NS,20,ABSORPTION
WEL.NS,20,ABSORPTION
ABB.NS,20,ABSORPTION
AAVAS.NS,20,PHASE_D
3MINDIA.NS,20,ABSORPTION
WORTHPERI.NS,20,ABSORPTION
VMM.NS,15,
WCIL.NS,15,
WEWORK.NS,15,
WHIRLPOOL.NS,15,
WINDMACHIN.NS,15,
VIJAYA.NS,15,
XELPMOC.NS,15,
ZFCVINDIA.NS,15,
ZODIACLOTH.NS,15,
SADBHIN.NS,15,
SALZERELEC.NS,15,
SANDUMA.NS,15,
BAJAJHIND.NS,15,
BAJAJHLDNG.NS,15,
BALAJEE.NS,15,
BALAJITELE.NS,15,
BALKRISIND.NS,15,
ROML.NS,15,
REDTAPE.NS,15,
REGENCERAM.NS,15,
RENUKA.NS,15,
RICOAUTO.NS,15,
RKFORGE.NS,15,
RMDRIP.NS,15,
SCHAEFFLER.NS,15,
SEAMECLTD.NS,15,
SELMC.NS,15,
SEMAC.NS,15,
RAMRAT.NS,15,
BELRISE.NS,15,
PYRAMID.NS,15,
POWERGRID.NS,15,
PRAENG.NS,15,
PROSTARM.NS,15,
PRUDMOULI.NS,15,
BATAINDIA.NS,15,
SHAHALLOYS.NS,15,
SHALPAINTS.NS,15,
SHANTIGEAR.NS,15,
ATUL.NS,15,
PFC.NS,15,
PGHH.NS,15,
PNBGILTS.NS,15,
PODDARMENT.NS,15,
POLYCAB.NS,15,
BMWVENTLTD.NS,15,
PATANJALI.NS,15,
PATELRMART.NS,15,
PATINTLOG.NS,15,
ORCHASP.NS,15,
ORKLAINDIA.NS,15,
PAKKA.NS,15,
PARKHOSPS.NS,15,
AVONMORE.NS,15,
AXISBANK.NS,15,
AXITA.NS,15,
SHIVATEX.NS,15,
SHREYANIND.NS,15,
SICAGEN.NS,15,
NOVAAGRI.NS,15,
NPST.NS,15,
NRAIL.NS,15,
NTPCGREEN.NS,15,
OMINFRAL.NS,15,
BRNL.NS,15,
BSE.NS,15,
BTML.NS,15,
CAMS.NS,15,
NMDC.NS,15,
NOIDATOLL.NS,15,
NORTHARC.NS,15,
SILINV.NS,15,
SINCLAIR.NS,15,
SIRCA.NS,15,
SKFINDIA.NS,15,
SKIPPER.NS,15,
NAHARPOLY.NS,15,
NAVA.NS,15,
NAVKARCORP.NS,15,
NCC.NS,15,
NETWORK18.NS,15,
NEXTMEDIA.NS,15,
BORORENEW.NS,15,
CEATLTD.NS,15,
CELLO.NS,15,
CENTRALBK.NS,15,
MRF.NS,15,
MGL.NS,15,
MINDTECK.NS,15,
MODISONLTD.NS,15,
SPLPETRO.NS,15,
MANALIPETC.NS,15,
MANYAVAR.NS,15,
MARATHON.NS,15,
MARKOLINES.NS,15,
MAYURUNIQ.NS,15,
METROPOLIS.NS,15,
ASTRAZEN.NS,15,
ATAM.NS,15,
ATLANTAELE.NS,15,
SSDL.NS,15,
STAR.NS,15,
STARTECK.NS,15,
STEELCITY.NS,15,
CHOLAHLDNG.NS,15,
CLEAN.NS,15,
CMSINFO.NS,15,
COHANCE.NS,15,
MALUPAPER.NS,15,
MAMATA.NS,15,
LUMAXIND.NS,15,
LUMAXTECH.NS,15,
MADRASFERT.NS,15,
MAHEPC.NS,15,
CPPLUS.NS,15,
CRIZAC.NS,15,
CSLFINANCE.NS,15,
CUMMINSIND.NS,15,
LANDSMILL.NS,15,
STUDDS.NS,15,
STYRENIX.NS,15,
APOLSINHOT.NS,15,
ARIHANT.NS,15,
SUMMITSEC.NS,15,
KOTAKBANK.NS,15,
KOTARISUG.NS,15,
KPIL.NS,15,
KRIDHANINF.NS,15,
KRSNAA.NS,15,
KWIL.NS,15,
DCM.NS,15,
KHADIM.NS,15,
KNAGRI.NS,15,
SUPREME.NS,15,
SUZLON.NS,15,
SWELECTES.NS,15,
SWSOLAR.NS,15,
SYNCOMF.NS,15,
SYSTMTXC.NS,15,
KALAMANDIR.NS,15,
KALYANIFRG.NS,15,
KANANIIND.NS,15,
KAYA.NS,15,
KCP.NS,15,
KCPSUGIND.NS,15,
KEI.NS,15,
DABUR.NS,15,
DGCONTENT.NS,15,
DHARMAJ.NS,15,
JKTYRE.NS,15,
JOCIL.NS,15,
JSWHL.NS,15,
ALLCARGO.NS,15,
ALOKINDS.NS,15,
ITCHOTELS.NS,15,
JAIBALAJI.NS,15,
JAINREC.NS,15,
DECCANCE.NS,15,
INFOMEDIA.NS,15,
INNOVACAP.NS,15,
INOXWIND.NS,15,
INSECTICID.NS,15,
INTERARCH.NS,15,
IPL.NS,15,
IRIS.NS,15,
ISFT.NS,15,
ITC.NS,15,
DRCSYSTEMS.NS,15,
ICICIGI.NS,15,
ICICIPRULI.NS,15,
ALPHAGEO.NS,15,
ANGELONE.NS,15,
ELDEHSG.NS,15,
EMCURE.NS,15,
HPAL.NS,15,
HDFCAMC.NS,15,
HDFCLIFE.NS,15,
HERITGFOOD.NS,15,
HINDWAREAP.NS,15,
HISARMETAL.NS,15,
HLVLTD.NS,15,
TORNTPOWER.NS,15,
TPHQ.NS,15,
AFCONS.NS,15,
AGARIND.NS,15,
AJMERA.NS,15,
TREJHARA.NS,15,
FCL.NS,15,
FINKURVE.NS,15,
HARDWYN.NS,15,
GPIL.NS,15,
GREENPOWER.NS,15,
GRINDWELL.NS,15,
GROBTEA.NS,15,
GSLSU.NS,15,
GTLINFRA.NS,15,
GULFPETRO.NS,15,
HALDER.NS,15,
UGARSUGAR.NS,15,
UNITEDPOLY.NS,15,
UNITEDTEA.NS,15,
GALLANTT.NS,15,
GANESHCP.NS,15,
GOACARBON.NS,15,
GODIGIT.NS,15,
GOPAL.NS,15,
WIPL.NS,15,
GANGESSECU.NS,15,
GATECH.NS,15,
GENUSPAPER.NS,15,
GLOBE.NS,15,
FMNL.NS,15,
ADANIGREEN.NS,15,
ADL.NS,15,
VALIANTORG.NS,15,
VEEDOL.NS,15,
VENTIVE.NS,15,
VERANDA.NS,15,
VERTOZ.NS,15,
VGUARD.NS,15,
AAATECH.NS,15,
5PAISA.NS,15,
